inventory_id,name,category,unit,quantity_on_hand,reorder_threshold,unit_cost
1,Black Tea (brewed),ingredient,oz,1500,400,0.03
2,Jasmine Green Tea (brewed),ingredient,oz,1500,400,0.03
3,Thai Tea (brewed),ingredient,oz,800,200,0.05
4,Coffee (brewed),ingredient,oz,800,200,0.08
5,Fresh Milk,ingredient,oz,1200,300,0.04
6,Non-Dairy Creamer,ingredient,g,10000,2500,0.01
7,Coconut Milk,ingredient,oz,600,150,0.06
8,Matcha Powder,ingredient,g,3000,750,0.12
9,Taro Powder,ingredient,g,6000,1500,0.02
10,Hokkaido Syrup,ingredient,oz,300,75,0.15
11,Honey,ingredient,oz,400,100,0.12
12,Cane Sugar Syrup,ingredient,oz,800,200,0.03
13,Brown Sugar Syrup,ingredient,oz,400,100,0.08
14,Mango Syrup,ingredient,oz,400,100,0.1
15,Passion Fruit Syrup,ingredient,oz,300,75,0.1
16,Strawberry Puree,ingredient,oz,400,100,0.12
17,Peach Syrup,ingredient,oz,300,75,0.1
18,Lychee Syrup,ingredient,oz,300,75,0.1
19,Mixed Berry Syrup,ingredient,oz,300,75,0.1
20,Wintermelon Syrup,ingredient,oz,400,100,0.09
21,Lemon Juice,ingredient,oz,400,100,0.07
22,Pineapple Syrup,ingredient,oz,300,75,0.1
23,Ube Syrup,ingredient,oz,40,50,0.14
24,Ice,ingredient,g,200000,50000,0.0002
25,Tapioca Pearls,topping,g,20000,5000,0.004
26,Honey Jelly,topping,g,8000,2000,0.006
27,Coffee Jelly,topping,g,6000,1500,0.006
28,Lychee Jelly,topping,g,8000,2000,0.006
29,Coconut Jelly,topping,g,8000,2000,0.006
30,Egg Pudding,topping,g,6000,1500,0.008
31,Red Bean,topping,g,5000,1250,0.007
32,Aloe Vera,topping,g,5000,1250,0.007
33,Crystal Boba,topping,g,6000,1500,0.007
34,Mango Popping Boba,topping,g,5000,1250,0.009
35,Strawberry Popping Boba,topping,g,5000,1250,0.009
36,Vanilla Ice Cream,topping,oz,400,100,0.15
37,Oreo Cookie Crumbs,topping,g,4000,1000,0.012
38,Creama (Cheese Foam),topping,oz,300,75,0.2
39,Cup (16 oz),supply,each,3000,800,0.09
40,Cup (24 oz),supply,each,1500,400,0.12
41,Sealing Film,supply,each,4000,1000,0.02
42,Dome Lid,supply,each,1500,400,0.06
43,Boba Straw,supply,each,4000,1000,0.03
44,Napkin,supply,each,8000,2000,0.01
45,Plastic Spoon,supply,each,1500,400,0.02
46,Paper Bag (Small),supply,each,1500,400,0.1
47,Drink Carrier (4-cup),supply,each,150,200,0.15
