menu_item_id,inventory_id,quantity_used
1,1,8
1,6,30
1,12,1
1,24,150
1,25,60
1,39,1
1,41,1
1,43,1
1,44,1
2,1,8
2,6,30
2,11,1
2,24,150
2,25,60
2,39,1
2,41,1
2,43,1
2,44,1
3,4,8
3,5,3
3,12,0.75
3,24,150
3,38,2
3,39,1
3,41,1
3,43,1
3,44,1
4,1,5
4,4,3
4,6,30
4,12,1
4,24,150
4,27,60
4,39,1
4,41,1
4,43,1
4,44,1
5,1,8
5,6,30
5,10,1
5,24,150
5,25,60
5,39,1
5,41,1
5,43,1
5,44,1
6,3,8
6,6,30
6,12,1
6,24,150
6,25,60
6,39,1
6,41,1
6,43,1
6,44,1
7,5,6
7,6,15
7,9,30
7,12,0.75
7,24,150
7,25,60
7,39,1
7,41,1
7,43,1
7,44,1
8,2,8
8,6,30
8,14,1
8,24,150
8,39,1
8,41,1
8,43,1
8,44,1
9,1,6
9,5,4
9,10,0.5
9,11,1
9,24,150
9,33,60
9,39,1
9,41,1
9,43,1
9,44,1
10,1,7
10,6,15
10,7,3
10,12,1
10,24,150
10,25,60
10,39,1
10,41,1
10,43,1
10,44,1
11,1,12
11,12,1
11,24,150
11,39,1
11,41,1
11,43,1
11,44,1
12,1,12
12,11,1.25
12,24,150
12,39,1
12,41,1
12,43,1
12,44,1
13,2,10
13,14,1.5
13,24,150
13,39,1
13,41,1
13,43,1
13,44,1
14,2,8
14,15,1.25
14,24,150
14,33,60
14,39,1
14,41,1
14,43,1
14,44,1
15,2,8
15,18,0.75
15,19,1
15,24,150
15,35,60
15,39,1
15,41,1
15,43,1
15,44,1
16,1,10
16,17,1.25
16,24,150
16,26,60
16,39,1
16,41,1
16,43,1
16,44,1
17,2,9
17,14,0.75
17,15,0.75
17,24,150
17,39,1
17,41,1
17,43,1
17,44,1
18,11,1.5
18,21,2
18,24,150
18,39,1
18,41,1
18,43,1
18,44,1
19,5,10
19,13,1.5
19,24,150
19,25,70
19,39,1
19,41,1
19,43,1
19,44,1
20,5,3
20,7,4
20,16,2
20,24,150
20,29,60
20,39,1
20,41,1
20,43,1
20,44,1
21,5,2
21,7,4
21,12,0.5
21,16,2
21,24,250
21,39,1
21,42,1
21,43,1
21,44,1
22,5,6
22,23,1.5
22,24,150
22,29,30
22,30,30
22,31,30
22,39,1
22,41,1
22,43,1
22,44,1
22,45,1
23,5,6
23,23,1.5
23,24,250
23,29,30
23,30,30
23,31,30
23,39,1
23,42,1
23,43,1
23,44,1
23,45,1
24,20,1.5
24,21,1.5
24,24,150
24,39,1
24,41,1
24,43,1
24,44,1
25,20,1.5
25,21,1.5
25,24,250
25,39,1
25,42,1
25,43,1
25,44,1
26,5,8
26,20,1.5
26,24,150
26,39,1
26,41,1
26,43,1
26,44,1
27,2,4
27,6,30
27,8,4
27,12,1
27,24,150
27,25,60
27,39,1
27,41,1
27,43,1
27,44,1
28,5,10
28,8,4
28,12,0.75
28,24,150
28,39,1
28,41,1
28,43,1
28,44,1
29,5,9
29,8,4
29,16,1.5
29,24,150
29,39,1
29,41,1
29,43,1
29,44,1
30,5,9
30,8,4
30,14,1
30,24,150
30,39,1
30,41,1
30,43,1
30,44,1
31,5,6
31,8,5
31,12,1
31,24,250
31,39,1
31,42,1
31,43,1
31,44,1
32,5,8
32,6,15
32,12,0.75
32,24,250
32,25,60
32,37,25
32,39,1
32,42,1
32,43,1
32,44,1
33,5,6
33,6,15
33,9,35
33,24,250
33,30,60
33,39,1
33,42,1
33,43,1
33,44,1
33,45,1
34,3,6
34,6,30
34,12,1
34,24,250
34,25,60
34,39,1
34,42,1
34,43,1
34,44,1
35,4,6
35,5,3
35,12,0.75
35,24,250
35,36,3
35,39,1
35,42,1
35,43,1
35,44,1
35,45,1
36,5,3
36,14,2
36,24,250
36,36,3
36,39,1
36,42,1
36,43,1
36,44,1
36,45,1
37,16,2
37,24,250
37,28,60
37,36,3
37,39,1
37,42,1
37,43,1
37,44,1
37,45,1
38,1,10
38,17,1.25
38,24,150
38,28,60
38,39,1
38,41,1
38,43,1
38,44,1
39,7,3
39,16,1.5
39,22,1.5
39,24,250
39,34,60
39,39,1
39,42,1
39,43,1
39,44,1
